
CREATE DATABASE sales_3of;
GO

USE sales_3of;
GO




create table Regions (
	RegionID  int primary key, 
	RegionName nvarchar (150))


create table Customers (
	CustomerID int primary key,
	CustomerName nvarchar(100),
	RegionID int,
	foreign key (RegionID) references Regions(RegionID))

create table Products (
	ProductID int primary key,
	ProductName nvarchar (100),
	Category nvarchar (50),
	Price  decimal (18,2))

create table Sales(
	OrderID int primary key,
	Date DATE,
	CustomerID  int,
	ProductID  int,
	Quantity  int,
	UnitPrice decimal(18,2),
	foreign key (CustomerID) references Customers(CustomerID),
	foreign key (ProductID) references Products(ProductID))


insert into Regions (RegionID,RegionName)
values
(1, 'Cairo'),
(2, 'Giza'),
(3, 'Alexandria'),
(4, 'Mansoura'),
(5, 'Aswan'),
(6, 'Luxor'),
(7, 'Suez'),
(8, 'Port Said'),
(9, 'Zagazig'),
(10, 'Tanta'),
(11, 'Damietta'),
(12, 'Ismailia'),
(13, 'Minya'),
(14, 'Fayoum'),
(15, 'Beni Suef'),
(16, 'Qena'),
(17, 'Hurghada'),
(18, 'Sharm El Sheikh'),
(19, '6th of October'),
(20, 'New Cairo')



insert into Products (ProductID, ProductName, Category, Price)
values
(1, 'HP ProBook 450 Laptop', 'Electronics', 15000.00),
(2, 'Dell Inspiron Laptop', 'Electronics', 17000.00),
(3, 'Lenovo ThinkPad Laptop', 'Electronics', 16000.00),
(4, 'Samsung Galaxy S23', 'Electronics', 18000.00),
(5, 'iPhone 14 Pro', 'Electronics', 25000.00),
(6, 'Xiaomi Redmi Note 12', 'Electronics', 9000.00),
(7, 'Apple iPad Air', 'Electronics', 12000.00),
(8, 'Samsung Tablet A8', 'Electronics', 7000.00),
(9, 'Huawei MatePad', 'Electronics', 8000.00),
(10, 'Dell 24-Inch Monitor', 'Electronics', 7000.00),
(11, 'LG 27-Inch Monitor', 'Electronics', 8500.00),
(12, 'HP 21-Inch Monitor', 'Electronics', 6000.00),
(13, 'Logitech Mouse', 'Accessories', 800.00),
(14, 'Lenovo Wireless Mouse', 'Accessories', 950.00),
(15, 'Microsoft Keyboard', 'Accessories', 1500.00),
(16, 'HP Headphones', 'Accessories', 2200.00),
(17, 'Lenovo Headphones', 'Accessories', 2500.00),
(18, 'Logitech Webcam', 'Accessories', 1800.00),
(19, 'TP-Link Router', 'Networking', 1200.00),
(20, 'D-Link Router', 'Networking', 1100.00),
(21, 'Seagate 1TB HDD', 'Storage', 1600.00),
(22, 'Kingston 500GB SSD', 'Storage', 2000.00),
(23, 'SanDisk USB 64GB', 'Storage', 400.00),
(24, 'Apple Watch SE', 'Wearables', 7500.00),
(25, 'Samsung Galaxy Watch', 'Wearables', 6800.00),
(26, 'Xiaomi Smart Band 7', 'Wearables', 1000.00),
(27, 'Canon G3411 Printer', 'Office', 4500.00),
(28, 'HP DeskJet 2710 Printer', 'Office', 3200.00),
(29, 'Brother Label Printer', 'Office', 2800.00),
(30, 'JBL Portable Speaker', 'Accessories', 3500.00)


insert into Customers (CustomerID, CustomerName, RegionID)
values
(1, 'Ahmed Ali', 1),
(2, 'Sara Youssef', 2),
(3, 'Mostafa Hassan', 3),
(4, 'Fatma Ibrahim', 4),
(5, 'Youssef Tarek', 5),
(6, 'Mona Khaled', 6),
(7, 'Hossam Adel', 7),
(8, 'Nourhan Amr', 8),
(9, 'Ehab Gamal', 9),
(10, 'Doaa Mahmoud', 10),
(11, 'Omar Salah', 11),
(12, 'Mai Fathy', 12),
(13, 'Khaled Nabil', 13),
(14, 'Rana Osama', 14),
(15, 'Mahmoud Zaki', 15),
(16, 'Aya Sayed', 16),
(17, 'Mohamed Tamer', 17),
(18, 'Nada Reda', 18),
(19, 'Tarek Adel', 19),
(20, 'Salma Mohamed', 20),
(21, 'Ali Ezzat', 1),
(22, 'Heba Lotfy', 2),
(23, 'Omar Elgendy', 3),
(24, 'Marwa Salah', 4),
(25, 'Yassin Ashraf', 5),
(26, 'Laila Hassan', 6),
(27, 'Mohamed Samir', 7),
(28, 'Rania Hassan', 8),
(29, 'Yara Fathy', 9),
(30, 'Mostafa Elsayed', 10),
(31, 'Amira Adel', 11),
(32, 'Tamer Refaat', 12),
(33, 'Farida Ahmed', 13),
(34, 'Walid Hossam', 14),
(35, 'Nadine Nabil', 15),
(36, 'Kareem Youssef', 16),
(37, 'Hagar Hany', 17),
(38, 'Sherif Maher', 18),
(39, 'Aya Mohamed', 19),
(40, 'Mahmoud Ehab', 20),
(41, 'Hadeer Magdy', 1),
(42, 'Islam Adel', 2),
(43, 'Salma Ehab', 3),
(44, 'Bassel Tamer', 4),
(45, 'Menna Nasser', 5),
(46, 'Hazem Lotfy', 6),
(47, 'Mariam Hany', 7),
(48, 'Anas Gamal', 8),
(49, 'Radwa Mohamed', 9),
(50, 'Ramy Maher', 10),
(51, 'Dina Khaled', 11),
(52, 'Ibrahim Ahmed', 12),
(53, 'Aya Magdy', 13),
(54, 'Hossam Moustafa', 14),
(55, 'Noha Sayed', 15),
(56, 'Youssef Ehab', 16),
(57, 'Nada Fathy', 17),
(58, 'Ahmed Lotfy', 18),
(59, 'Khaled Reda', 19),
(60, 'Tamer Hossam', 20),
(61, 'Sherif Fathy', 1),
(62, 'Nada Lotfy', 2),
(63, 'Ola Ahmed', 3),
(64, 'Mostafa Osama', 4),
(65, 'Doaa Mahmoud', 5),
(66, 'Hesham Adel', 6),
(67, 'Mona Atef', 7),
(68, 'Karim Salah', 8),
(69, 'Asmaa Magdy', 9),
(70, 'Eslam Amr', 10),
(71, 'Sara Khaled', 11),
(72, 'Mohab Hossam', 12),
(73, 'Rowan Reda', 13),
(74, 'Mariam Yasser', 14),
(75, 'Ali Maged', 15),
(76, 'Rania Gamal', 16),
(77, 'Walid Mohamed', 17),
(78, 'Maged Fathy', 18),
(79, 'Reham Adel', 19),
(80, 'Fady Mostafa', 20),
(81, 'Yasmin Osama', 1),
(82, 'Mohamed Fathy', 2),
(83, 'Hanaa Mostafa', 3),
(84, 'Amr Khaled', 4),
(85, 'Hossam Reda', 5),
(86, 'Shaimaa Hany', 6),
(87, 'Khaled Mahmoud', 7),
(88, 'Noor Hossam', 8),
(89, 'Samar Magdy', 9),
(90, 'Hassan Adel', 10),
(91, 'Eman Ibrahim', 11),
(92, 'Abdelrahman Salah', 12),
(93, 'Youssef Tamer', 13),
(94, 'Asmaa Hassan', 14),
(95, 'Mina Fady', 15),
(96, 'Alaa Gamal', 16),
(97, 'Menna Youssef', 17),
(98, 'Hazem Khalil', 18),
(99, 'Nada Mostafa', 19),
(100, 'Omar Ehab', 20)


insert into Sales  (OrderID, CustomerID, ProductID, Date, Quantity, UnitPrice)
values
(1, 1, 5, '2024-01-01', 2, 25000.00),
(2, 2, 4, '2024-01-03', 1, 18000.00),
(3, 3, 10, '2024-01-05', 3, 7000.00),
(4, 4, 1, '2024-01-06', 1, 15000.00),
(5, 5, 7, '2024-01-08', 2, 12000.00),
(6, 6, 3, '2024-01-10', 1, 16000.00),
(7, 7, 20, '2024-01-12', 2, 1100.00),
(8, 8, 14, '2024-01-15', 1, 950.00),
(9, 9, 16, '2024-01-17', 2, 2200.00),
(10, 10, 24, '2024-01-20', 1, 7500.00),
(11, 11, 6, '2024-01-22', 2, 9000.00),
(12, 12, 8, '2024-01-25', 1, 7000.00),
(13, 13, 12, '2024-01-27', 1, 6000.00),
(14, 14, 19, '2024-01-30', 1, 1200.00),
(15, 15, 18, '2024-02-02', 1, 1800.00),
(16, 16, 27, '2024-02-05', 2, 4500.00),
(17, 17, 29, '2024-02-08', 1, 2800.00),
(18, 18, 25, '2024-02-11', 1, 6800.00),
(19, 19, 22, '2024-02-13', 1, 2000.00),
(20, 20, 30, '2024-02-15', 1, 3500.00),
(21, 21, 2, '2024-02-17', 1, 17000.00),
(22, 22, 9, '2024-02-20', 2, 8000.00),
(23, 23, 13, '2024-02-23', 1, 800.00),
(24, 24, 15, '2024-02-26', 2, 1500.00),
(25, 25, 11, '2024-03-01', 1, 8500.00),
(26, 26, 5, '2024-03-03', 1, 25000.00),
(27, 27, 17, '2024-03-06', 2, 2500.00),
(28, 28, 21, '2024-03-09', 1, 1600.00),
(29, 29, 23, '2024-03-12', 2, 400.00),
(30, 30, 26, '2024-03-15', 1, 1000.00),
(31, 31, 28, '2024-03-17', 1, 3200.00),
(32, 32, 1, '2024-03-20', 1, 15000.00),
(33, 33, 3, '2024-03-22', 1, 16000.00),
(34, 34, 7, '2024-03-25', 2, 12000.00),
(35, 35, 14, '2024-03-28', 1, 950.00),
(36, 36, 12, '2024-04-01', 1, 6000.00),
(37, 37, 19, '2024-04-03', 1, 1200.00),
(38, 38, 4, '2024-04-06', 1, 18000.00),
(39, 39, 8, '2024-04-09', 2, 7000.00),
(40, 40, 22, '2024-04-12', 1, 2000.00),
(41, 41, 6, '2024-04-15', 1, 9000.00),
(42, 42, 10, '2024-04-18', 1, 7000.00),
(43, 43, 18, '2024-04-21', 2, 1800.00),
(44, 44, 27, '2024-04-24', 1, 4500.00),
(45, 45, 30, '2024-04-27', 1, 3500.00),
(46, 46, 2, '2024-04-30', 1, 17000.00),
(47, 47, 5, '2024-05-02', 1, 25000.00),
(48, 48, 9, '2024-05-05', 2, 8000.00),
(49, 49, 13, '2024-05-08', 1, 800.00),
(50, 50, 15, '2024-05-11', 2, 1500.00),
(51, 51, 11, '2024-05-14', 1, 8500.00),
(52, 52, 4, '2024-05-17', 1, 18000.00),
(53, 53, 7, '2024-05-20', 2, 12000.00),
(54, 54, 1, '2024-05-23', 1, 15000.00),
(55, 55, 21, '2024-05-26', 1, 1600.00),
(56, 56, 23, '2024-05-29', 2, 400.00),
(57, 57, 26, '2024-06-01', 1, 1000.00),
(58, 58, 28, '2024-06-04', 1, 3200.00),
(59, 59, 19, '2024-06-07', 1, 1200.00),
(60, 60, 14, '2024-06-10', 1, 950.00),
(61, 61, 3, '2024-06-13', 1, 16000.00),
(62, 62, 6, '2024-06-16', 1, 9000.00),
(63, 63, 8, '2024-06-19', 2, 7000.00),
(64, 64, 17, '2024-06-22', 1, 2500.00),
(65, 65, 22, '2024-06-25', 1, 2000.00),
(66, 66, 25, '2024-06-28', 1, 6800.00),
(67, 67, 29, '2024-07-01', 1, 2800.00),
(68, 68, 12, '2024-07-04', 1, 6000.00),
(69, 69, 20, '2024-07-07', 2, 1100.00),
(70, 70, 27, '2024-07-10', 1, 4500.00),
(71, 71, 30, '2024-07-13', 1, 3500.00),
(72, 72, 2, '2024-07-16', 1, 17000.00),
(73, 73, 4, '2024-07-19', 1, 18000.00),
(74, 74, 7, '2024-07-22', 1, 12000.00),
(75, 75, 10, '2024-07-25', 1, 7000.00),
(76, 76, 13, '2024-07-28', 1, 800.00),
(77, 77, 15, '2024-07-31', 2, 1500.00),
(78, 78, 18, '2024-08-03', 1, 1800.00),
(79, 79, 23, '2024-08-06', 1, 400.00),
(80, 80, 26, '2024-08-09', 1, 1000.00),
(81, 81, 1, '2024-08-12', 1, 15000.00),
(82, 82, 5, '2024-08-15', 1, 25000.00),
(83, 83, 9, '2024-08-18', 2, 8000.00),
(84, 84, 11, '2024-08-21', 1, 8500.00),
(85, 85, 14, '2024-08-24', 1, 950.00),
(86, 86, 19, '2024-08-27', 1, 1200.00),
(87, 87, 21, '2024-08-30', 1, 1600.00),
(88, 88, 24, '2024-09-02', 1, 7500.00),
(89, 89, 28, '2024-09-05', 1, 3200.00),
(90, 90, 2, '2024-09-08', 1, 17000.00),
(91, 91, 3, '2024-09-11', 1, 16000.00),
(92, 92, 6, '2024-09-14', 1, 9000.00),
(93, 93, 8, '2024-09-17', 2, 7000.00),
(94, 94, 12, '2024-09-20', 1, 6000.00),
(95, 95, 16, '2024-09-23', 1, 2200.00),
(96, 96, 22, '2024-09-26', 1, 2000.00),
(97, 97, 25, '2024-09-29', 1, 6800.00),
(98, 98, 27, '2024-10-02', 1, 4500.00),
(99, 99, 29, '2024-10-05', 1, 2800.00),
(100, 100, 30, '2024-10-08', 1, 3500.00)

